parameter_name,parameter_value,replica,seed,success,physical_time,biased_time,acceleration_factor,integration_steps,n_deposited_gaussians,W,sigma
sigma,1e-05,0,1929776942,True,1.3659999999999604,1.366,0.9999999999999709,1366,68,0.3,1e-05
sigma,1e-05,1,2265548563,True,1.1190000222784013,1.119,1.0000000199092058,1119,55,0.3,1e-05
sigma,1e-05,2,214490352,True,2.0680338902686186,2.068,1.0000163879442063,2068,103,0.3,1e-05
sigma,1e-05,3,1799337411,True,0.6950000000000005,0.6950000000000001,1.0000000000000007,695,34,0.3,1e-05
sigma,1e-05,4,3124528864,True,1.0904107292473824,1.09,1.0003768158232864,1090,54,0.3,1e-05
sigma,1e-05,5,793191029,True,0.8020000000000006,0.802,1.0000000000000007,802,40,0.3,1e-05
sigma,1e-05,6,142968425,True,0.5020000000000003,0.502,1.0000000000000007,502,25,0.3,1e-05
sigma,1e-05,7,3215305857,True,0.6911608198076762,0.6910000000000001,1.0002327348880986,691,34,0.3,1e-05
sigma,1e-05,8,459844448,True,0.42028119057220564,0.42,1.0006695013623945,420,20,0.3,1e-05
sigma,1e-05,9,1187538928,True,1.1443790026432172,1.1440000000000001,1.0003312960167983,1144,57,0.3,1e-05
sigma,1.4070559893652868e-05,0,3676389615,True,1.589050260481543,1.589,1.000031630258995,1589,79,0.3,1.4070559893652868e-05
sigma,1.4070559893652868e-05,1,1190633093,True,1.0220112212080525,1.022,1.0000109796556287,1022,51,0.3,1.4070559893652868e-05
sigma,1.4070559893652868e-05,2,1263935736,True,2.2469856072082774,2.246,1.0004388277864102,2246,112,0.3,1.4070559893652868e-05
sigma,1.4070559893652868e-05,3,4067416067,True,1.4024125552287312,1.4020000000000001,1.0002942619320478,1402,70,0.3,1.4070559893652868e-05
sigma,1.4070559893652868e-05,4,2725242580,True,0.9803497895988704,0.98,1.0003569281621127,980,48,0.3,1.4070559893652868e-05
sigma,1.4070559893652868e-05,5,1340780647,True,1.4422065819869516,1.442,1.000143260739911,1442,72,0.3,1.4070559893652868e-05
sigma,1.4070559893652868e-05,6,2707776597,True,1.0870159974157485,1.087,1.0000147170338074,1087,54,0.3,1.4070559893652868e-05
sigma,1.4070559893652868e-05,7,426945693,True,0.7200000391410017,0.72,1.0000000543625025,720,35,0.3,1.4070559893652868e-05
sigma,1.4070559893652868e-05,8,4143786567,True,1.5440667266030288,1.544,1.0000432167118063,1544,77,0.3,1.4070559893652868e-05
sigma,1.4070559893652868e-05,9,3568054946,True,0.9681030642029722,0.968,1.0001064712840622,968,48,0.3,1.4070559893652868e-05
sigma,1.9798065572087262e-05,0,4206599473,True,0.32327510262982306,0.323,1.0008517109282447,323,16,0.3,1.9798065572087262e-05
sigma,1.9798065572087262e-05,1,3055627459,True,0.9931537308950205,0.993,1.0001548145972008,993,49,0.3,1.9798065572087262e-05
sigma,1.9798065572087262e-05,2,972072012,True,1.2603024103563394,1.26,1.000240008219317,1260,62,0.3,1.9798065572087262e-05
sigma,1.9798065572087262e-05,3,3776749512,True,0.06430265588630589,0.064,1.0047289982235295,64,3,0.3,1.9798065572087262e-05
sigma,1.9798065572087262e-05,4,655221636,True,0.7460407495803989,0.746,1.0000546241024113,746,37,0.3,1.9798065572087262e-05
sigma,1.9798065572087262e-05,5,3783913592,True,1.8048547180254968,1.804,1.0004737904797654,1804,90,0.3,1.9798065572087262e-05
sigma,1.9798065572087262e-05,6,2196687772,True,0.23100110786984862,0.231,1.0000047959733707,231,11,0.3,1.9798065572087262e-05
sigma,1.9798065572087262e-05,7,2443134756,True,1.6410979738657985,1.641,1.0000597037573422,1641,82,0.3,1.9798065572087262e-05
sigma,1.9798065572087262e-05,8,3589604789,True,0.27000756786949726,0.27,1.000028029146286,270,13,0.3,1.9798065572087262e-05
sigma,1.9798065572087262e-05,9,2932957808,True,1.0917818109282527,1.091,1.0007166003008732,1091,54,0.3,1.9798065572087262e-05
sigma,2.785698674105207e-05,0,976800299,True,0.6343379693122744,0.634,1.0005330746250385,634,31,0.3,2.785698674105207e-05
sigma,2.785698674105207e-05,1,3428914532,True,0.31323150106314634,0.313,1.0007396200100522,313,15,0.3,2.785698674105207e-05
sigma,2.785698674105207e-05,2,1986809290,True,0.14108438499891265,0.14100000000000001,1.000598475169593,141,7,0.3,2.785698674105207e-05
sigma,2.785698674105207e-05,3,3559364308,True,0.7931459747379365,0.793,1.0001840791146739,793,39,0.3,2.785698674105207e-05
sigma,2.785698674105207e-05,4,2078317603,True,1.5263070389357967,1.5250000000000001,1.0008570747119978,1525,76,0.3,2.785698674105207e-05
sigma,2.785698674105207e-05,5,182404097,True,1.0862585704067305,1.086,1.0002380942971734,1086,54,0.3,2.785698674105207e-05
sigma,2.785698674105207e-05,6,3956879838,True,0.635384242533781,0.635,1.000605106352411,635,31,0.3,2.785698674105207e-05
sigma,2.785698674105207e-05,7,2297225257,True,0.4830074485716939,0.483,1.0000154214734864,483,24,0.3,2.785698674105207e-05
sigma,2.785698674105207e-05,8,3457293562,True,1.7262757762960157,1.726,1.0001597776917819,1726,86,0.3,2.785698674105207e-05
sigma,2.785698674105207e-05,9,1823906773,True,0.7060000000000005,0.706,1.0000000000000009,706,35,0.3,2.785698674105207e-05
sigma,3.9196340039666694e-05,0,2743881518,True,0.7231054055452489,0.723,1.0001457891358907,723,36,0.3,3.9196340039666694e-05
sigma,3.9196340039666694e-05,1,2650800268,True,0.6041299240195253,0.604,1.0002151059925914,604,30,0.3,3.9196340039666694e-05
sigma,3.9196340039666694e-05,2,1419248264,True,1.5733090100359453,1.573,1.000196446303843,1573,78,0.3,3.9196340039666694e-05
sigma,3.9196340039666694e-05,3,2465165307,True,3.605101103971885,3.604,1.0003055227446962,3604,180,0.3,3.9196340039666694e-05
sigma,3.9196340039666694e-05,4,504632137,True,1.0917283285799773,1.091,1.0006675789000707,1091,54,0.3,3.9196340039666694e-05
sigma,3.9196340039666694e-05,5,3756118436,True,0.2692585532563715,0.269,1.000961164521827,269,13,0.3,3.9196340039666694e-05
sigma,3.9196340039666694e-05,6,2510298408,True,0.060040999969941215,0.06,1.0006833328323537,60,2,0.3,3.9196340039666694e-05
sigma,3.9196340039666694e-05,7,505104155,True,0.8300000000000006,0.8300000000000001,1.0000000000000007,830,41,0.3,3.9196340039666694e-05
sigma,3.9196340039666694e-05,8,2195133050,True,1.217157914395406,1.217,1.000129757103867,1217,60,0.3,3.9196340039666694e-05
sigma,3.9196340039666694e-05,9,2575398260,True,0.7180028222239656,0.718,1.000003930674047,718,35,0.3,3.9196340039666694e-05
sigma,5.515144501401154e-05,0,286358537,True,0.7121594222665962,0.712,1.0002239076778037,712,35,0.3,5.515144501401154e-05
sigma,5.515144501401154e-05,1,2416694523,True,0.7624713121180507,0.762,1.0006185198399615,762,38,0.3,5.515144501401154e-05
sigma,5.515144501401154e-05,2,1528964058,True,0.903418384688594,0.903,1.0004633274513777,903,45,0.3,5.515144501401154e-05
sigma,5.515144501401154e-05,3,2054426202,True,0.21612691798419342,0.216,1.0005875832601547,216,10,0.3,5.515144501401154e-05
sigma,5.515144501401154e-05,4,1793618961,True,0.20631064759760967,0.20600000000000002,1.0015079980466488,206,10,0.3,5.515144501401154e-05
sigma,5.515144501401154e-05,5,951384749,True,0.6683367022760356,0.668,1.0005040453234064,668,33,0.3,5.515144501401154e-05
sigma,5.515144501401154e-05,6,2131764648,True,0.5714238177115766,0.5710000000000001,1.000742237673514,571,28,0.3,5.515144501401154e-05
sigma,5.515144501401154e-05,7,3130636156,True,0.8234049253544091,0.8230000000000001,1.0004920113662321,823,41,0.3,5.515144501401154e-05
sigma,5.515144501401154e-05,8,3817310529,True,0.988882713066974,0.988,1.0008934342783138,988,49,0.3,5.515144501401154e-05
sigma,5.515144501401154e-05,9,1446613053,True,0.8895584782200232,0.888,1.0017550430405666,888,44,0.3,5.515144501401154e-05
sigma,7.760117102911523e-05,0,2362392703,True,0.7474752344621272,0.747,1.0006361907123522,747,37,0.3,7.760117102911523e-05
sigma,7.760117102911523e-05,1,3879728213,True,0.26811488738449823,0.268,1.0004286842705157,268,13,0.3,7.760117102911523e-05
sigma,7.760117102911523e-05,2,1694493199,True,0.02329713097261301,0.023,1.0129187379396962,23,1,0.3,7.760117102911523e-05
sigma,7.760117102911523e-05,3,3184273420,True,0.6353431421185888,0.635,1.0005403812891163,635,31,0.3,7.760117102911523e-05
sigma,7.760117102911523e-05,4,3407764962,True,0.3863166511864073,0.386,1.0008203398611588,386,19,0.3,7.760117102911523e-05
sigma,7.760117102911523e-05,5,1624047007,True,0.7403190898503215,0.74,1.0004312025004345,740,36,0.3,7.760117102911523e-05
sigma,7.760117102911523e-05,6,1585712874,True,1.913321908445386,1.9100000000000001,1.0017392190813539,1910,95,0.3,7.760117102911523e-05
sigma,7.760117102911523e-05,7,2853615279,True,0.04022325828180564,0.04,1.005581457045141,40,1,0.3,7.760117102911523e-05
sigma,7.760117102911523e-05,8,508762162,True,0.9112905653683125,0.911,1.0003189521057216,911,45,0.3,7.760117102911523e-05
sigma,7.760117102911523e-05,9,221861255,True,0.6077935591944444,0.607,1.0013073462840931,607,30,0.3,7.760117102911523e-05
sigma,0.00010918919247827658,0,2908943348,True,1.397344175658915,1.3960000000000001,1.0009628765465006,1396,69,0.3,0.00010918919247827658
sigma,0.00010918919247827658,1,3307267227,True,1.0495429523791453,1.048,1.001472282804528,1048,52,0.3,0.00010918919247827658
sigma,0.00010918919247827658,2,1525664259,True,1.2943290106934335,1.292,1.0018026398555986,1292,64,0.3,0.00010918919247827658
sigma,0.00010918919247827658,3,443500641,True,0.6714104957263549,0.671,1.0006117671033605,671,33,0.3,0.00010918919247827658
sigma,0.00010918919247827658,4,185095000,True,1.4174091007515828,1.416,1.0009951276494229,1416,70,0.3,0.00010918919247827658
sigma,0.00010918919247827658,5,3924610705,True,1.9413623510746925,1.938,1.0017349592748672,1938,96,0.3,0.00010918919247827658
sigma,0.00010918919247827658,6,2144320215,True,1.0625067873207998,1.062,1.000477200867043,1062,53,0.3,0.00010918919247827658
sigma,0.00010918919247827658,7,1509502029,True,0.9537757797544525,0.9530000000000001,1.0008140396164245,953,47,0.3,0.00010918919247827658
sigma,0.00010918919247827658,8,614983372,True,2.8897134681117507,2.884,1.001981091578277,2884,144,0.3,0.00010918919247827658
sigma,0.00010918919247827658,9,1919750712,True,0.6239837596947462,0.623,1.0015790685308927,623,31,0.3,0.00010918919247827658
sigma,0.0001536353072505182,0,2823671387,True,0.12339745451589901,0.123,1.0032313375276343,123,6,0.3,0.0001536353072505182
sigma,0.0001536353072505182,1,234406837,True,0.5805897007649152,0.58,1.0010167254567504,580,28,0.3,0.0001536353072505182
sigma,0.0001536353072505182,2,2952146909,True,0.48876228242919995,0.488,1.0015620541581967,488,24,0.3,0.0001536353072505182
sigma,0.0001536353072505182,3,3100732958,True,1.9781279381799173,1.975,1.0015837661670466,1975,98,0.3,0.0001536353072505182
sigma,0.0001536353072505182,4,3945068108,True,0.1871542801473493,0.187,1.000825027525932,187,9,0.3,0.0001536353072505182
sigma,0.0001536353072505182,5,1235683351,True,1.5338689773751364,1.532,1.0012199591221518,1532,76,0.3,0.0001536353072505182
sigma,0.0001536353072505182,6,412321501,True,0.6603100410620167,0.659,1.0019879227041224,659,32,0.3,0.0001536353072505182
sigma,0.0001536353072505182,7,490749979,True,0.16427549626421806,0.164,1.0016798552696222,164,8,0.3,0.0001536353072505182
sigma,0.0001536353072505182,8,4050526978,True,0.635158112419835,0.634,1.0018266757410645,634,31,0.3,0.0001536353072505182
sigma,0.0001536353072505182,9,4174740768,True,0.6187696719389686,0.618,1.0012454238494637,618,30,0.3,0.0001536353072505182
sigma,0.0002161734792448177,0,1947289550,True,1.1222072754088295,1.119,1.0028661978631184,1119,55,0.3,0.0002161734792448177
sigma,0.0002161734792448177,1,1698280991,True,2.4451236126100633,2.436,1.0037453253735893,2436,121,0.3,0.0002161734792448177
sigma,0.0002161734792448177,2,3047607536,True,0.6243640675861662,0.624,1.0005834416444972,624,31,0.3,0.0002161734792448177
sigma,0.0002161734792448177,3,1881147441,True,0.908285149407067,0.906,1.00252223996365,906,45,0.3,0.0002161734792448177
sigma,0.0002161734792448177,4,235026777,True,0.4919934364309127,0.491,1.0020232921199852,491,24,0.3,0.0002161734792448177
sigma,0.0002161734792448177,5,1505991198,True,0.9053697734083378,0.903,1.0026243337855347,903,45,0.3,0.0002161734792448177
sigma,0.0002161734792448177,6,2460052151,True,0.9622843676266928,0.96,1.0023795496111383,960,47,0.3,0.0002161734792448177
sigma,0.0002161734792448177,7,1620265053,True,0.9026933641752973,0.901,1.0018794274975553,901,45,0.3,0.0002161734792448177
sigma,0.0002161734792448177,8,2561996982,True,0.4605193256154821,0.459,1.0033100775936428,459,22,0.3,0.0002161734792448177
sigma,0.0002161734792448177,9,1550906325,True,0.5870112477963061,0.586,1.001725678833287,586,29,0.3,0.0002161734792448177
sigma,0.00030416818871335327,0,1835346365,True,1.639927508131687,1.6320000000000001,1.0048575417473573,1632,81,0.3,0.00030416818871335327
sigma,0.00030416818871335327,1,1082805567,True,0.3857410556805954,0.384,1.0045339991682172,384,19,0.3,0.00030416818871335327
sigma,0.00030416818871335327,2,2100299632,True,2.0546805431251443,2.045,1.004733761919386,2045,102,0.3,0.00030416818871335327
sigma,0.00030416818871335327,3,522816165,True,1.9171094261714896,1.9100000000000001,1.00372221265523,1910,95,0.3,0.00030416818871335327
sigma,0.00030416818871335327,4,1995614116,True,0.6280553733401668,0.627,1.0016832110688465,627,31,0.3,0.00030416818871335327
sigma,0.00030416818871335327,5,3198981811,True,0.9610368499108662,0.9580000000000001,1.003169989468545,958,47,0.3,0.00030416818871335327
sigma,0.00030416818871335327,6,695582459,True,1.589990786468224,1.584,1.0037820621642828,1584,79,0.3,0.00030416818871335327
sigma,0.00030416818871335327,7,3690426786,True,0.4855116971710658,0.484,1.0031233412625327,484,24,0.3,0.00030416818871335327
sigma,0.00030416818871335327,8,3342432088,True,0.7645227002969883,0.762,1.0033106303110082,762,38,0.3,0.00030416818871335327
sigma,0.00030416818871335327,9,547828152,True,0.679697118976194,0.677,1.003983927586697,677,33,0.3,0.00030416818871335327
sigma,0.000427981671703515,0,1663997,True,0.4992275954918992,0.497,1.0044820834847066,497,24,0.3,0.000427981671703515
sigma,0.000427981671703515,1,1080270909,True,1.0449310293351421,1.04,1.0047413743607136,1040,51,0.3,0.000427981671703515
sigma,0.000427981671703515,2,722470827,True,0.55486673374413,0.554,1.0015645013431949,554,27,0.3,0.000427981671703515
sigma,0.000427981671703515,3,3604972536,True,1.1770621620881119,1.172,1.0043192509284231,1172,58,0.3,0.000427981671703515
sigma,0.000427981671703515,4,283876252,True,0.4435947573994639,0.442,1.0036080484150767,442,22,0.3,0.000427981671703515
sigma,0.000427981671703515,5,59489338,True,0.8079707345428292,0.805,1.0036903534693529,805,40,0.3,0.000427981671703515
sigma,0.000427981671703515,6,4098707873,True,0.7402133086593919,0.738,1.0029990632241084,738,36,0.3,0.000427981671703515
sigma,0.000427981671703515,7,1930978682,True,1.0904798584096738,1.086,1.0041250998247455,1086,54,0.3,0.000427981671703515
sigma,0.000427981671703515,8,1739227192,True,1.65367569354084,1.6440000000000001,1.005885458358175,1644,82,0.3,0.000427981671703515
sigma,0.000427981671703515,9,1473470391,True,1.1853444777986188,1.18,1.0045292184734058,1180,58,0.3,0.000427981671703515
sigma,0.0006021941745089987,0,3925666343,True,0.5350427941148141,0.532,1.005719537809801,532,26,0.3,0.0006021941745089987
sigma,0.0006021941745089987,1,3430955197,True,1.1726819536228688,1.163,1.0083249816189757,1163,58,0.3,0.0006021941745089987
sigma,0.0006021941745089987,2,1573635602,True,0.6145706326040723,0.611,1.0058439158822787,611,30,0.3,0.0006021941745089987
sigma,0.0006021941745089987,3,2758802565,True,1.841054218744603,1.821,1.0110127505461852,1821,91,0.3,0.0006021941745089987
sigma,0.0006021941745089987,4,1019230568,True,0.3254357529763099,0.324,1.0044313363466355,324,16,0.3,0.0006021941745089987
sigma,0.0006021941745089987,5,336579975,True,1.5974852526774699,1.586,1.007241647337623,1586,79,0.3,0.0006021941745089987
sigma,0.0006021941745089987,6,2313131922,True,1.0766458571064883,1.068,1.0080953718225545,1068,53,0.3,0.0006021941745089987
sigma,0.0006021941745089987,7,1389791497,True,0.375074053848271,0.374,1.002871801733345,374,18,0.3,0.0006021941745089987
sigma,0.0006021941745089987,8,564956719,True,2.955877008093819,2.9170000000000003,1.0133277367479667,2917,145,0.3,0.0006021941745089987
sigma,0.0006021941745089987,9,1246897788,True,1.6729334472461064,1.657,1.0096158402209452,1657,82,0.3,0.0006021941745089987
sigma,0.0008473209200037714,0,2782059883,True,0.6916903223233631,0.6880000000000001,1.0053638405862835,688,34,0.3,0.0008473209200037714
sigma,0.0008473209200037714,1,2120837234,True,3.2426332823049373,3.173,1.021945566437106,3173,158,0.3,0.0008473209200037714
sigma,0.0008473209200037714,2,3270303287,True,1.0513915962494416,1.042,1.0090130482240323,1042,52,0.3,0.0008473209200037714
sigma,0.0008473209200037714,3,1958291962,True,1.7159361191396734,1.684,1.0189644412943428,1684,84,0.3,0.0008473209200037714
sigma,0.0008473209200037714,4,3767300522,True,3.285086677486191,3.194,1.0285180580733222,3194,159,0.3,0.0008473209200037714
sigma,0.0008473209200037714,5,223400932,True,2.0128698429894136,1.987,1.013019548560349,1987,99,0.3,0.0008473209200037714
sigma,0.0008473209200037714,6,194334892,True,2.2425822675115143,2.203,1.017967438725154,2203,110,0.3,0.0008473209200037714
sigma,0.0008473209200037714,7,1269452166,True,2.9298745924132246,2.879,1.017670924770137,2879,143,0.3,0.0008473209200037714
sigma,0.0008473209200037714,8,1980754913,True,1.1137968562508673,1.106,1.0070495987801693,1106,55,0.3,0.0008473209200037714
sigma,0.0008473209200037714,9,178738091,True,1.5414917270257344,1.5290000000000001,1.0081698672503168,1529,76,0.3,0.0008473209200037714
sigma,0.0011922279754058129,0,30140043,True,0.8177677338070543,0.807,1.0133429167373658,807,40,0.3,0.0011922279754058129
sigma,0.0011922279754058129,1,1017443708,True,1.6275083387639893,1.597,1.019103530847833,1597,79,0.3,0.0011922279754058129
sigma,0.0011922279754058129,2,1416553077,True,0.590878318118393,0.583,1.0135134101516174,583,29,0.3,0.0011922279754058129
sigma,0.0011922279754058129,3,39598666,True,1.9101893393552987,1.874,1.0193112803390068,1874,93,0.3,0.0011922279754058129
sigma,0.0011922279754058129,4,3591742917,True,2.553475345002584,2.48,1.0296271552429774,2480,123,0.3,0.0011922279754058129
sigma,0.0011922279754058129,5,2633736860,True,2.3382432315295745,2.282,1.0246464642986741,2282,114,0.3,0.0011922279754058129
sigma,0.0011922279754058129,6,1803271135,True,0.18153370146420142,0.181,1.002948626874041,181,9,0.3,0.0011922279754058129
sigma,0.0011922279754058129,7,3433291392,True,7.606912135189367,7.141,1.0652446625387715,7141,357,0.3,0.0011922279754058129
sigma,0.0011922279754058129,8,2712586022,True,2.6309508132373516,2.5420000000000003,1.034992452099666,2542,127,0.3,0.0011922279754058129
sigma,0.0011922279754058129,9,1620418257,True,2.612887431516741,2.5340000000000003,1.0311315830768513,2534,126,0.3,0.0011922279754058129
sigma,0.0016775315134835989,0,1934756590,True,0.599749699724412,0.593,1.0113822929585363,593,29,0.3,0.0016775315134835989
sigma,0.0016775315134835989,1,698759182,True,3.156059797816332,3.007,1.0495709337600039,3007,150,0.3,0.0016775315134835989
sigma,0.0016775315134835989,2,3024088267,True,0.9709063905472711,0.9550000000000001,1.016655906332221,955,47,0.3,0.0016775315134835989
sigma,0.0016775315134835989,3,1686180272,True,1.3815567144042484,1.342,1.0294759421790227,1342,67,0.3,0.0016775315134835989
sigma,0.0016775315134835989,4,1511381579,True,0.4746438943915767,0.47000000000000003,1.0098806263650568,470,23,0.3,0.0016775315134835989
sigma,0.0016775315134835989,5,67134817,True,0.5070333804916538,0.5,1.0140667609833076,500,24,0.3,0.0016775315134835989
sigma,0.0016775315134835989,6,2577441816,True,2.7811297418908376,2.688,1.0346464813581984,2688,134,0.3,0.0016775315134835989
sigma,0.0016775315134835989,7,2527786037,True,0.8798852839434497,0.862,1.0207485892615427,862,43,0.3,0.0016775315134835989
sigma,0.0016775315134835989,8,1659293587,True,1.185828811478424,1.157,1.0249168638534347,1157,57,0.3,0.0016775315134835989
sigma,0.0016775315134835989,9,1770904384,True,0.9249918939836593,0.908,1.0187135396295808,908,45,0.3,0.0016775315134835989
sigma,0.0023603807633961124,0,614158161,True,0.36185168359163616,0.359,1.0079434083332484,359,17,0.3,0.0023603807633961124
sigma,0.0023603807633961124,1,1389840503,True,0.3633980240131813,0.361,1.0066427257982862,361,18,0.3,0.0023603807633961124
sigma,0.0023603807633961124,2,4246811294,True,0.3500756351084692,0.34800000000000003,1.0059644687024976,348,17,0.3,0.0023603807633961124
sigma,0.0023603807633961124,3,2388227885,True,0.7030682419131928,0.6890000000000001,1.0204183482049243,689,34,0.3,0.0023603807633961124
sigma,0.0023603807633961124,4,1529602480,True,1.9889908890136525,1.874,1.0613612001140087,1874,93,0.3,0.0023603807633961124
sigma,0.0023603807633961124,5,1732705421,True,8.468326543802606,7.261,1.1662755190473222,7261,363,0.3,0.0023603807633961124
sigma,0.0023603807633961124,6,2434324981,True,1.2225589125757845,1.187,1.029956960889456,1187,59,0.3,0.0023603807633961124
sigma,0.0023603807633961124,7,2488404647,True,1.0544410131515902,1.027,1.0267195843735057,1027,51,0.3,0.0023603807633961124
sigma,0.0023603807633961124,8,2192364020,True,0.3693692859283256,0.364,1.014750785517378,364,18,0.3,0.0023603807633961124
sigma,0.0023603807633961124,9,2215600991,True,2.307643173744231,2.191,1.0532374138494893,2191,109,0.3,0.0023603807633961124
sigma,0.003321187890319108,0,3279146391,True,0.6264107247513853,0.61,1.0269028274612872,610,30,0.3,0.003321187890319108
sigma,0.003321187890319108,1,831832404,True,3.4967033361589097,3.1870000000000003,1.097177074414468,3187,159,0.3,0.003321187890319108
sigma,0.003321187890319108,2,1714804109,True,2.3853263756326637,2.216,1.0764108193288193,2216,110,0.3,0.003321187890319108
sigma,0.003321187890319108,3,2325799790,True,1.0897616806718884,1.029,1.059049252353633,1029,51,0.3,0.003321187890319108
sigma,0.003321187890319108,4,3065956159,True,3.442898619430489,3.027,1.1373963063860222,3027,151,0.3,0.003321187890319108
sigma,0.003321187890319108,5,823930112,True,0.5353350984576474,0.524,1.0216318672855866,524,26,0.3,0.003321187890319108
sigma,0.003321187890319108,6,1218757958,True,1.8540450346661081,1.739,1.0661558566222589,1739,86,0.3,0.003321187890319108
sigma,0.003321187890319108,7,1736966549,True,3.849411610829469,3.416,1.1268769352545285,3416,170,0.3,0.003321187890319108
sigma,0.003321187890319108,8,2926781875,True,2.151700907246727,2.0020000000000002,1.074775677945418,2002,100,0.3,0.003321187890319108
sigma,0.003321187890319108,9,2592860274,True,0.27603985196124703,0.273,1.0111349888690366,273,13,0.3,0.003321187890319108
sigma,0.004673097312880963,0,3126880759,True,1.9641258191415885,1.817,1.080971832218816,1817,90,0.3,0.004673097312880963
sigma,0.004673097312880963,1,1821669808,True,0.6828154459537786,0.656,1.0408772041978331,656,32,0.3,0.004673097312880963
sigma,0.004673097312880963,2,1320648735,True,4.221832226975693,3.6430000000000002,1.158888890193712,3643,182,0.3,0.004673097312880963
sigma,0.004673097312880963,3,2163143330,True,1.5245541136402898,1.417,1.0759026913481227,1417,70,0.3,0.004673097312880963
sigma,0.004673097312880963,4,618145009,True,1.8763696885839576,1.722,1.0896455798977687,1722,86,0.3,0.004673097312880963
sigma,0.004673097312880963,5,2375663776,True,1.6519525314675505,1.497,1.103508705055144,1497,74,0.3,0.004673097312880963
sigma,0.004673097312880963,6,3214246442,True,2.1992412018243717,2.003,1.0979736404515086,2003,100,0.3,0.004673097312880963
sigma,0.004673097312880963,7,1314133479,True,2.1110408706452573,1.901,1.1104896741952957,1901,95,0.3,0.004673097312880963
sigma,0.004673097312880963,8,1473750017,True,0.17866188825446488,0.178,1.0037184733396904,178,8,0.3,0.004673097312880963
sigma,0.004673097312880963,9,3017034949,True,2.486271165894051,2.244,1.1079639776711456,2244,112,0.3,0.004673097312880963
sigma,0.006575309562975993,0,3708324481,True,0.6916589268193742,0.652,1.0608265748763408,652,32,0.3,0.006575309562975993
sigma,0.006575309562975993,1,1415370646,True,1.8138968785000622,1.645,1.102672874468123,1645,82,0.3,0.006575309562975993
sigma,0.006575309562975993,2,1400489640,True,1.409766526577675,1.307,1.0786277938620314,1307,65,0.3,0.006575309562975993
sigma,0.006575309562975993,3,4264583648,True,1.6820517970132358,1.478,1.1380594025799973,1478,73,0.3,0.006575309562975993
sigma,0.006575309562975993,4,3357052463,True,0.6775305652413239,0.648,1.0455718599403148,648,32,0.3,0.006575309562975993
sigma,0.006575309562975993,5,2619352777,True,1.9851143395482358,1.745,1.1376013407153214,1745,87,0.3,0.006575309562975993
sigma,0.006575309562975993,6,846380311,True,6.836797230758952,4.8180000000000005,1.4190114634202888,4818,240,0.3,0.006575309562975993
sigma,0.006575309562975993,7,3364024096,True,4.107707577392758,3.282,1.2515867085291768,3282,164,0.3,0.006575309562975993
sigma,0.006575309562975993,8,887328010,True,0.957633144462699,0.891,1.0747846739199765,891,44,0.3,0.006575309562975993
sigma,0.006575309562975993,9,1239068649,True,5.121815574974687,3.801,1.347491600887842,3801,190,0.3,0.006575309562975993
sigma,0.009251828702516217,0,4045861793,True,3.546113877607255,2.827,1.2543734975618164,2827,141,0.3,0.009251828702516217
sigma,0.009251828702516217,1,4030430919,True,1.4039165833638352,1.207,1.163145470889673,1207,60,0.3,0.009251828702516217
sigma,0.009251828702516217,2,267156790,True,3.6861476876987624,2.935,1.2559276619075852,2935,146,0.3,0.009251828702516217
sigma,0.009251828702516217,3,2111729072,True,0.6375420299942474,0.598,1.0661237959770022,598,29,0.3,0.009251828702516217
sigma,0.009251828702516217,4,3119841622,True,1.0057746828479432,0.884,1.137754166117583,884,44,0.3,0.009251828702516217
sigma,0.009251828702516217,5,746698209,True,2.50819714432911,1.94,1.2928851259428402,1940,96,0.3,0.009251828702516217
sigma,0.009251828702516217,6,3167919942,True,0.780705868608568,0.706,1.1058156779158188,706,35,0.3,0.009251828702516217
sigma,0.009251828702516217,7,2085002984,True,1.411165631070207,1.218,1.1585924721430272,1218,60,0.3,0.009251828702516217
sigma,0.009251828702516217,8,2523793799,True,4.026919389688074,2.952,1.364132584582681,2952,147,0.3,0.009251828702516217
sigma,0.009251828702516217,9,4087141007,True,0.3081247100368765,0.299,1.0305174248724969,299,14,0.3,0.009251828702516217
sigma,0.013017840988457116,0,3084322725,True,2.511179808104274,1.8860000000000001,1.331484521794419,1886,94,0.3,0.013017840988457116
sigma,0.013017840988457116,1,1716238656,True,1.800210657227793,1.435,1.2545022001587407,1435,71,0.3,0.013017840988457116
sigma,0.013017840988457116,2,2065822569,True,22.960434391178836,8.114,2.829730637315607,8114,405,0.3,0.013017840988457116
sigma,0.013017840988457116,3,880576928,True,4.7040696355343306,3.09,1.5223526328590067,3090,154,0.3,0.013017840988457116
sigma,0.013017840988457116,4,456711099,True,4.520588098943271,3.072,1.4715456051247628,3072,153,0.3,0.013017840988457116
sigma,0.013017840988457116,5,3199665175,True,1.7531838919392628,1.424,1.2311684634404936,1424,71,0.3,0.013017840988457116
sigma,0.013017840988457116,6,3925327782,True,1.856020388991795,1.495,1.2414852100279565,1495,74,0.3,0.013017840988457116
sigma,0.013017840988457116,7,896570755,True,2.5126308515209157,2.004,1.2538078101401775,2004,100,0.3,0.013017840988457116
sigma,0.013017840988457116,8,723106778,True,0.5611976958585788,0.524,1.0709879691957611,524,26,0.3,0.013017840988457116
sigma,0.013017840988457116,9,1708413964,True,3.2404894337763643,2.211,1.4656216344533535,2211,110,0.3,0.013017840988457116
sigma,0.018316831131413528,0,3949374994,True,2.834853644732911,1.9020000000000001,1.4904593295125714,1902,95,0.3,0.018316831131413528
sigma,0.018316831131413528,1,1161778144,True,0.22658217978604137,0.215,1.0538706036560064,215,10,0.3,0.018316831131413528
sigma,0.018316831131413528,2,416049273,True,1.8062057340565707,1.338,1.3499295471274817,1338,66,0.3,0.018316831131413528
sigma,0.018316831131413528,3,2264636504,True,4.226362704184552,2.369,1.784028157106185,2369,118,0.3,0.018316831131413528
sigma,0.018316831131413528,4,3103242848,True,1.1865980190610799,1.004,1.1818705369134261,1004,50,0.3,0.018316831131413528
sigma,0.018316831131413528,5,2780632847,True,5.734942079036547,2.94,1.9506605711008664,2940,146,0.3,0.018316831131413528
sigma,0.018316831131413528,6,2348900356,True,0.2408506919606051,0.221,1.0898221355683488,221,11,0.3,0.018316831131413528
sigma,0.018316831131413528,7,2374458249,True,1.0988255107037372,0.9420000000000001,1.1664814338680862,942,47,0.3,0.018316831131413528
sigma,0.018316831131413528,8,1242926909,True,5.819506888399076,3.374,1.724809391938078,3374,168,0.3,0.018316831131413528
sigma,0.018316831131413528,9,2180196898,True,1.3795505741405423,1.12,1.2317415840540555,1120,55,0.3,0.018316831131413528
sigma,0.02577280694964795,0,2077009177,True,6.368876376431872,2.953,2.15674784166335,2953,147,0.3,0.02577280694964795
sigma,0.02577280694964795,1,511657323,True,0.550795254117141,0.47900000000000004,1.149885707968979,479,23,0.3,0.02577280694964795
sigma,0.02577280694964795,2,4279201387,True,0.6642017147979963,0.548,1.2120469248138617,548,27,0.3,0.02577280694964795
sigma,0.02577280694964795,3,359727725,True,0.5359056094255537,0.433,1.237657296594812,433,21,0.3,0.02577280694964795
sigma,0.02577280694964795,4,3366013863,True,1.6722485965927318,1.208,1.3843117521463013,1208,60,0.3,0.02577280694964795
sigma,0.02577280694964795,5,4125182144,True,2.826495120213522,1.716,1.6471416784461084,1716,85,0.3,0.02577280694964795
sigma,0.02577280694964795,6,533012957,True,2.579881917954531,1.7630000000000001,1.4633476562419345,1763,88,0.3,0.02577280694964795
sigma,0.02577280694964795,7,1926219735,True,1.2171077729490187,0.932,1.3059096276277025,932,46,0.3,0.02577280694964795
sigma,0.02577280694964795,8,2971623596,True,1.0070101049764921,0.8310000000000001,1.2118051804771264,831,41,0.3,0.02577280694964795
sigma,0.02577280694964795,9,3500960676,True,3.1550698481521655,1.975,1.5975037205833749,1975,98,0.3,0.02577280694964795
sigma,0.03626378238125744,0,485778330,True,8.74799281413436,2.833,3.087890156771747,2833,141,0.3,0.03626378238125744
sigma,0.03626378238125744,1,3060060889,True,1.9229598422321383,1.094,1.7577329453675852,1094,54,0.3,0.03626378238125744
sigma,0.03626378238125744,2,23058655,True,1.2322384270087567,0.884,1.3939348721818514,884,44,0.3,0.03626378238125744
sigma,0.03626378238125744,3,1482364905,True,2.790750382645857,1.465,1.904949066652462,1465,73,0.3,0.03626378238125744
sigma,0.03626378238125744,4,4018718019,True,9.997757223463966,2.6710000000000003,3.7430764595522144,2671,133,0.3,0.03626378238125744
sigma,0.03626378238125744,5,2405118064,True,8.3652091414811,2.623,3.189176188136142,2623,131,0.3,0.03626378238125744
sigma,0.03626378238125744,6,2370338190,True,10.169260178075838,2.944,3.4542323974442386,2944,147,0.3,0.03626378238125744
sigma,0.03626378238125744,7,3305592541,True,2.3301489217402613,1.194,1.9515485106702357,1194,59,0.3,0.03626378238125744
sigma,0.03626378238125744,8,3209046046,True,2.9664265596591357,1.74,1.7048428503788136,1740,86,0.3,0.03626378238125744
sigma,0.03626378238125744,9,3291205844,True,5.800496090198818,2.238,2.5918213092934845,2238,111,0.3,0.03626378238125744
sigma,0.05102517219658764,0,1377630884,True,22.01442876952948,3.5500000000000003,6.201247540712529,3550,177,0.3,0.05102517219658764
sigma,0.05102517219658764,1,1874320246,True,0.48050839691638403,0.374,1.2847818099368558,374,18,0.3,0.05102517219658764
sigma,0.05102517219658764,2,2231705665,True,0.9165245961630256,0.63,1.454800946290517,630,31,0.3,0.05102517219658764
sigma,0.05102517219658764,3,219409514,True,64.17005928245618,4.431,14.482071605158245,4431,221,0.3,0.05102517219658764
sigma,0.05102517219658764,4,871580088,True,1.0677306200209922,0.677,1.5771501034283488,677,33,0.3,0.05102517219658764
sigma,0.05102517219658764,5,157652071,True,11.789934680653493,2.869,4.109423032643253,2869,143,0.3,0.05102517219658764
sigma,0.05102517219658764,6,3542296262,True,3.591178368436187,1.562,2.2990898645558175,1562,78,0.3,0.05102517219658764
sigma,0.05102517219658764,7,1805516722,True,0.9530401438594763,0.5670000000000001,1.6808468145669775,567,28,0.3,0.05102517219658764
sigma,0.05102517219658764,8,2438644769,True,5.6097311779699925,2.0180000000000002,2.7798469662884004,2018,100,0.3,0.05102517219658764
sigma,0.05102517219658764,9,3355216242,True,1.7526891269429943,0.873,2.007662230175251,873,43,0.3,0.05102517219658764
sigma,0.07179527414760375,0,787754024,True,6.594924987390478,1.991,3.3123681503719125,1991,99,0.3,0.07179527414760375
sigma,0.07179527414760375,1,3790299920,True,0.6265807808886816,0.452,1.386240665682924,452,22,0.3,0.07179527414760375
sigma,0.07179527414760375,2,902104500,True,3.6562649876617024,1.331,2.7470060012484616,1331,66,0.3,0.07179527414760375
sigma,0.07179527414760375,3,2856873024,True,0.7166872936455065,0.489,1.4656181874141239,489,24,0.3,0.07179527414760375
sigma,0.07179527414760375,4,4044691102,True,3.754317164941869,1.225,3.0647487060749947,1225,61,0.3,0.07179527414760375
sigma,0.07179527414760375,5,1773136554,True,3.3262513315540514,1.21,2.7489680426066543,1210,60,0.3,0.07179527414760375
sigma,0.07179527414760375,6,400888872,True,19.289407378704787,2.092,9.220558020413378,2092,104,0.3,0.07179527414760375
sigma,0.07179527414760375,7,178343840,True,7.935721282781589,1.874,4.234643160502449,1874,93,0.3,0.07179527414760375
sigma,0.07179527414760375,8,2869019637,True,2.9261960001362906,1.199,2.4405304421486993,1199,59,0.3,0.07179527414760375
sigma,0.07179527414760375,9,3469138356,True,4.1500598458969895,1.181,3.5140218847561298,1181,59,0.3,0.07179527414760375
sigma,0.1010199704975086,0,2221884142,True,36.12665511685339,2.442,14.793880064231526,2442,122,0.3,0.1010199704975086
sigma,0.1010199704975086,1,4288630913,True,1.822093729679573,0.854,2.133599215081467,854,42,0.3,0.1010199704975086
sigma,0.1010199704975086,2,2255880265,True,0.832406181992934,0.47200000000000003,1.763572419476555,472,23,0.3,0.1010199704975086
sigma,0.1010199704975086,3,579898627,True,29.879798523357902,2.367,12.623489025499747,2367,118,0.3,0.1010199704975086
sigma,0.1010199704975086,4,2318742523,True,89.51119894325029,2.852,31.385413374211183,2852,142,0.3,0.1010199704975086
sigma,0.1010199704975086,5,804256615,True,0.8125884571684963,0.487,1.6685594603049205,487,24,0.3,0.1010199704975086
sigma,0.1010199704975086,6,3290623690,True,1.502690015927408,0.589,2.5512563937646995,589,29,0.3,0.1010199704975086
sigma,0.1010199704975086,7,1850203149,True,1.0813654523256637,0.426,2.5384165547550794,426,21,0.3,0.1010199704975086
sigma,0.1010199704975086,8,1410807150,True,2.5666622779507233,0.8250000000000001,3.111105791455422,825,41,0.3,0.1010199704975086
sigma,0.1010199704975086,9,1789493497,True,0.6286776740895464,0.40900000000000003,1.5371092276028029,409,20,0.3,0.1010199704975086
sigma,0.14214075453402436,0,3325877863,True,182.94612002298098,1.9080000000000001,95.88371070386843,1908,95,0.3,0.14214075453402436
sigma,0.14214075453402436,1,277667703,True,2.0258304836697034,0.6910000000000001,2.9317373135596285,691,34,0.3,0.14214075453402436
sigma,0.14214075453402436,2,388181548,True,0.18505272227999273,0.14200000000000002,1.3031881850703713,142,7,0.3,0.14214075453402436
sigma,0.14214075453402436,3,1239887978,True,639.9509304500943,3.499,182.89537880825787,3499,174,0.3,0.14214075453402436
sigma,0.14214075453402436,4,3554452322,True,0.7103923305944725,0.4,1.7759808264861812,400,19,0.3,0.14214075453402436
sigma,0.14214075453402436,5,2355700732,True,75.99051039236988,2.229,34.0917498395558,2229,111,0.3,0.14214075453402436
sigma,0.14214075453402436,6,3048297934,True,16.73158749563039,1.551,10.787612827614694,1551,77,0.3,0.14214075453402436
sigma,0.14214075453402436,7,894046047,True,11.49936518722501,1.331,8.639643266134494,1331,66,0.3,0.14214075453402436
sigma,0.14214075453402436,8,1532814702,True,34.27714896070503,1.6500000000000001,20.77402967315456,1650,82,0.3,0.14214075453402436
sigma,0.14214075453402436,9,3509804856,True,0.2805155701469508,0.213,1.3169745077321633,213,10,0.3,0.14214075453402436
sigma,0.2,0,307228228,True,34.53330393589797,1.262,27.363949236052274,1262,63,0.3,0.2
sigma,0.2,1,1354960820,True,2.7028971464557205,0.66,4.095298706751092,660,32,0.3,0.2
sigma,0.2,2,1774891702,True,19.949852654504614,1.0150000000000001,19.65502724581735,1015,50,0.3,0.2
sigma,0.2,3,2336067926,True,3.225555968531586,0.654,4.932042765338816,654,32,0.3,0.2
sigma,0.2,4,1706875104,True,7.838835040482414,0.877,8.938238358588842,877,43,0.3,0.2
sigma,0.2,5,789953710,True,78.80408247369157,1.818,43.346580018532215,1818,90,0.3,0.2
sigma,0.2,6,1438753997,True,46.273285476411424,1.192,38.819870366116966,1192,59,0.3,0.2
sigma,0.2,7,2363625078,True,11.080796372665503,0.9480000000000001,11.688603768634497,948,47,0.3,0.2
sigma,0.2,8,298746941,True,4.299182772601725,0.8230000000000001,5.223794377401853,823,41,0.3,0.2
sigma,0.2,9,3874718476,True,0.4465613383013319,0.251,1.7791288378539118,251,12,0.3,0.2
